g101,Guide A,88011111111,g101@mail.com
g102,Guide_B,88011111112,g102@mail.com
g103,Guide_C,88011111113,g103@mail.com
g104,Guide_D,88011111114,g104@mail.com
g105,Guide_E,88011111115,g105@mail.com
g106,Guide_F,88011111116,g106@mail.com
g107,Guide_G,88011111117,g107@mail.com
g108,Guide_H,88011111118,g108@mail.com
g109,Guide_I,88011111119,g109@mail.com
g110,Guide_J,88011111120,g110@mail.com
g111,Guide_K,88011111121,g111@mail.com
g112,Guide_L,88011111122,g112@mail.com
g113,Guide_M,88011111123,g113@mail.com
g114,Guide_N,88011111124,g114@mail.com
g115,Guide_O,88011111125,g115@mail.com
g116,Guide_P,88011111126,g116@mail.com
g117,Guide_Q,88011111127,g117@mail.com
g118,Guide_R,88011111128,g118@mail.com
g119,Guide_S,88011111129,g119@mail.com
g120,Guide_T,88011111130,g120@mail.com
